{
  "meta_title": "",
  "meta_description": "",
  "sections": [
    {
      "type": "banner-slider",
      "autoplay": 9000,
      "full_width": true,
      "slides": [
        {
          "start": "",
          "end": "",
          "img": "/img/uploads/7228-banner_homeprincipal_calix.jpg"
        },
        {
          "start": "",
          "end": "",
          "img": "/img/uploads/7228-banner_homeprincipal_bambole.jpg"
        }
      ]
    },
    {
      "type": "dynamic-showcase",
      "load_more": true,
      "sort": "views"
    }
  ]
}